authority_level,authority_value,conditional_a_path,conditional_b_path,indirect_effect
low_-1sd,-1.0,0.14475316534206156,-0.07241344071127159,-0.01048207475626627
mean_0sd,0.0,0.3550634127671435,0.011642096786193414,0.004133682616671227
high_+1sd,1.0,0.5653736601922255,0.0956976342836584,0.054104921766688956
