authority_level,authority_value,bootstrap_n,bootstrap_mean,bootstrap_std,ci_2_5,ci_50,ci_97_5
low_minus_1sd,-1.0,1000,-0.010306370025424155,0.002574440020668404,-0.015769247445781828,-0.010221972868713815,-0.005676335035081823
mean_0sd,0.0,1000,0.0042170501358405645,0.003919689567895276,-0.00327642323613997,0.0040098500792643205,0.0118311659184634
high_plus_1sd,1.0,1000,0.05377200688814128,0.00860549475257554,0.03707899459250075,0.05375444265115539,0.07017649572149322
